timestamp,user_input,assistant_reply_clean,assistant_reply_raw,summary_used,last_3_turns,full_context_passed,rag_prompt_used,raw_prompt
2025-06-09T22:11:51.589660,Hey how are you doing,"The phrase ""Hey how are you doing"" serves as a casual and friendly way to inquire about someone's well-being. Breaking it down:

1. **Greeting (""Hey"")**: This acts as an initial call to action, typically used in informal settings.

2. **Question Component (""how are you doing"")**: This part asks about the speaker's health or general state of being, often with a positive tone.

Cultural nuances may affect how this phrase is perceived, with some cultures valuing indirect communication over direct ones. The cadence and tone can also influence its interpretation, though generally, it remains a polite way to ask about someone's well-being without implying sarcasm unless context suggests otherwise.

In summary, ""Hey how are you doing"" is primarily a friendly and neutral way to check in on someone's health or mood, often used informally across various cultural settings.","<think>
Alright, so I'm trying to figure out why someone would ask ""Hey how are you doing"" and what it means in different contexts. I remember from my classes that people use this phrase all the time as a casual greeting, but maybe there's more to it than just that.

First, I think about when someone says ""how are you doing."" It's pretty common in everyday conversations, like after exchanging pleasantries or at work. But is it always positive? Or does it sometimes carry underlying meanings?

I also recall that in some cultures, the way people express their well-being can be quite different from Western norms. Maybe that affects how ""how are you doing"" is received in those contexts.

Another angle is considering the structure of the question itself: ""Hey."" Is that a greeting followed by a question? Or could it just be someone saying they're doing something and then the other person responds with ""Hey""? I'm not entirely sure about the grammatical breakdown here.

I wonder if there's any nuance in the cadence or tone when someone says it. Like, is an ""okay"" response considered polite, or does it depend on the situation? Also, how does age factor into this? Does a child use it differently than an adult?

Then there's the possibility of sarcasm or irony creepin' in. If someone isn't feeling great but says they're doing well, that could be a sarcastic way to avoid being honest.

I also think about the cultural differences again. In some places, people might not feel comfortable sharing their true feelings openly, so using ""how are you doing"" as a kinder way to inquire without pushing for more detailed information.

But wait, I'm mixing up a few things here. The phrase itself is pretty straightforward; it's usually just a friendly way to ask about someone's well-being. Maybe the deeper questions come from interpreting other parts of their speech or actions, not directly related to ""Hey how are you doing.""

I should also consider if there's any historical context where this phrase became more prevalent and what changes it might have undergone over time.

Overall, I think breaking down the components helps: the greeting word ""Hey,"" the question part about well-being. So maybe analyzing each part's function in communication is key here.
</think>

The phrase ""Hey how are you doing"" serves as a casual and friendly way to inquire about someone's well-being. Breaking it down:

1. **Greeting (""Hey"")**: This acts as an initial call to action, typically used in informal settings.

2. **Question Component (""how are you doing"")**: This part asks about the speaker's health or general state of being, often with a positive tone.

Cultural nuances may affect how this phrase is perceived, with some cultures valuing indirect communication over direct ones. The cadence and tone can also influence its interpretation, though generally, it remains a polite way to ask about someone's well-being without implying sarcasm unless context suggests otherwise.

In summary, ""Hey how are you doing"" is primarily a friendly and neutral way to check in on someone's health or mood, often used informally across various cultural settings.",,"[('user', 'Hey how are you doing'), ('assistant', 'The phrase ""Hey how are you doing"" serves as a casual and friendly way to inquire about someone\'s well-being. Breaking it down:\n\n1. **Greeting (""Hey"")**: This acts as an initial call to action, typically used in informal settings.\n\n2. **Question Component (""how are you doing"")**: This part asks about the speaker\'s health or general state of being, often with a positive tone.\n\nCultural nuances may affect how this phrase is perceived, with some cultures valuing indirect communication over direct ones. The cadence and tone can also influence its interpretation, though generally, it remains a polite way to ask about someone\'s well-being without implying sarcasm unless context suggests otherwise.\n\nIn summary, ""Hey how are you doing"" is primarily a friendly and neutral way to check in on someone\'s health or mood, often used informally across various cultural settings.')]","[{'role': 'system', 'content': 'You are a compassionate therapeutic journaling assistant. You do NOT roleplay as the user. Respond with thoughtful, emotionally intelligent advice. Avoid first-person phrasing. Speak like a guide or support figure.'}, {'role': 'user', 'content': 'Hey how are you doing'}, {'role': 'user', 'content': 'Hey how are you doing'}]",RAG not used. Used direct user input.,Hey how are you doing
